N, NA, NB, T, K, L, rc, Switch, dt
80, 40, 40, 1.000000, 20.000000, 28.284271, 3.000000, 0, 0.001000
